id,nome,email,cpf,rg,cep
1,Ana Silva,ana.silva@example.com,101.102.103-01,12.345.678-1,10001-001
2,Bruno Oliveira,bruno.oliveira@example.com,102.103.104-02,23.456.789-2,10002-002
3,Carla Pereira,carla.pereira@example.com,103.104.105-03,34.567.890-3,10003-003
4,Daniel Souza,daniel.souza@example.com,104.105.106-04,45.678.901-4,10004-004
5,Elisa Costa,elisa.costa@example.com,105.106.107-05,56.789.012-5,10005-005
6,Felipe Gomes,felipe.gomes@example.com,106.107.108-06,67.890.123-6,10006-006
7,Gabriela Alves,gabriela.alves@example.com,107.108.109-07,78.901.234-7,10007-007
8,Hugo Ribeiro,hugo.ribeiro@example.com,108.109.110-08,89.012.345-8,10008-008
9,Isabela Martins,isabela.martins@example.com,109.110.111-09,90.123.456-9,10009-009
10,João Ferreira,joao.ferreira@example.com,110.111.112-10,01.234.567-0,10010-010
11,Karina Lima,karina.lima@example.com,111.112.113-11,12.345.678-1,10011-011
12,Lucas Rocha,lucas.rocha@example.com,112.113.114-12,23.456.789-2,10012-012
13,Mariana Dias,mariana.dias@example.com,113.114.115-13,34.567.890-3,10013-013
14,Natalia Cardoso,natalia.cardoso@example.com,114.115.116-14,45.678.901-4,10014-014
15,Otávio Nunes,otavio.nunes@example.com,115.116.117-15,56.789.012-5,10015-015
16,Patrícia Matos,patricia.matos@example.com,116.117.118-16,67.890.123-6,10016-016
17,Quincy Moreira,quincy.moreira@example.com,117.118.119-17,78.901.234-7,10017-017
18,Rafaela Pinto,rafaela.pinto@example.com,118.119.120-18,89.012.345-8,10018-018
19,Samuel Castro,samuel.castro@example.com,119.120.121-19,90.123.456-9,10019-019
20,Tânia Barros,tania.barros@example.com,120.121.122-20,01.234.567-0,10020-020
21,Ulisses Andrade,ulisses.andrade@example.com,121.122.123-21,12.345.678-1,10021-021
22,Vanessa Freitas,vanessa.freitas@example.com,122.123.124-22,23.456.789-2,10022-022
23,Wagner Campos,wagner.campos@example.com,123.124.125-23,34.567.890-3,10023-023
24,Ximena Rocha,ximena.rocha@example.com,124.125.126-24,45.678.901-4,10024-024
25,Yuri Santana,yuri.santana@example.com,125.126.127-25,56.789.012-5,10025-025
26,Zara Almeida,zara.almeida@example.com,126.127.128-26,67.890.123-6,10026-026
27,André Batista,andre.batista@example.com,127.128.129-27,78.901.234-7,10027-027
28,Bárbara Melo,barbara.melo@example.com,128.129.130-28,89.012.345-8,10028-028
29,Caio Leite,caio.leite@example.com,129.130.131-29,90.123.456-9,10029-029
30,Diana Viana,diana.viana@example.com,130.131.132-30,01.234.567-0,10030-030
31,Eduardo Paz,eduardo.paz@example.com,131.132.133-31,12.345.678-1,10031-031
32,Flávia Reis,flavia.reis@example.com,132.133.134-32,23.456.789-2,10032-032
33,Guilherme Rocha,guilherme.rocha@example.com,133.134.135-33,34.567.890-3,10033-033
34,Heloísa Faria,heloisa.faria@example.com,134.135.136-34,45.678.901-4,10034-034
35,Igor Teixeira,igor.teixeira@example.com,135.136.137-35,56.789.012-5,10035-035
36,Jéssica Pires,jessica.pires@example.com,136.137.138-36,67.890.123-6,10036-036
37,Kleber Siqueira,kleber.siqueira@example.com,137.138.139-37,78.901.234-7,10037-037
38,Larissa Duarte,larissa.duarte@example.com,138.139.140-38,89.012.345-8,10038-038
39,Marcelo Rocha,marcelo.rocha@example.com,139.140.141-39,90.123.456-9,10039-039
40,Neusa Campos,neusa.campos@example.com,140.141.142-40,01.234.567-0,10040-040
41,Olívia Borges,olivia.borges@example.com,141.142.143-41,12.345.678-1,10041-041
42,Paulo Menezes,paulo.menezes@example.com,142.143.144-42,23.456.789-2,10042-042
43,Querina Lopes,querina.lopes@example.com,143.144.145-43,34.567.890-3,10043-043
44,Roberto Pinto,roberto.pinto@example.com,144.145.146-44,45.678.901-4,10044-044
45,Sílvia Nascimento,silvia.nascimento@example.com,145.146.147-45,56.789.012-5,10045-045
46,Thiago Carvalho,thiago.carvalho@example.com,146.147.148-46,67.890.123-6,10046-046
47,Úrsula Braga,ursula.braga@example.com,147.148.149-47,78.901.234-7,10047-047
48,Vicente Rocha,vicente.rocha@example.com,148.149.150-48,89.012.345-8,10048-048
49,Waléria Monteiro,waleria.monteiro@example.com,149.150.151-49,90.123.456-9,10049-049
50,Xavier Sousa,xavier.sousa@example.com,150.151.152-50,01.234.567-0,10050-050
